Annual Distance (miles/vehicle),2020.0
LDVs,13702.948787073
HDVs,11532.193581459
aircraft,1107692.526843095
rail,33457.2
ships,250.63408278
motorbikes,2700.978032102
