Annual Distance (miles/vehicle),2020.0
LDVs,13857.908357294
HDVs,6384.110274386
aircraft,1122499.097015408
rail,33457.2
ships,236.803859889
motorbikes,2355.832214355
