Annual Distance (miles/vehicle),2020.0
LDVs,12438.773075547
HDVs,22870.60605007
aircraft,763499.298834006
rail,12651.868273303
ships,0.0
motorbikes,0.0
