Annual Distance (miles/vehicle),2020.0
LDVs,12366.442848537
HDVs,23122.516383862
aircraft,1076614.859828757
rail,12791.388656146
ships,0.0
motorbikes,0.0
