Annual Distance (miles/vehicle),2020.0
LDVs,12090.423877301
HDVs,23456.965551278
aircraft,876517.947089897
rail,12514.857704268
ships,0.0
motorbikes,0.0
