Annual Distance (miles/vehicle),2020.0
LDVs,13782.487733014
HDVs,11406.58141715
aircraft,785538.399682862
rail,0.0
ships,251.865356086
motorbikes,2717.289640656
