solar pv dist,Hour0,Hour1,Hour2,Hour3,Hour4,Hour5,Hour6,Hour7,Hour8,Hour9,Hour10,Hour11,Hour12,Hour13,Hour14,Hour15,Hour16,Hour17,Hour18,Hour19,Hour20,Hour21,Hour22,Hour23
Winter,0,0,0,0,0.0,0.0,0.001249055252794463,0.06007796650622536,0.1904172799236247,0.23290107005051913,0.23387962926130715,0.23692668761685035,0.2430924062214089,0.349317793070528,0.3384502167946219,0.22194598034925808,0.0465889653526393,0.017264012092764233,0.0,0.0,0,0,0,0
Spring,0,0,0,0,0.0,0.00022375591710091896,0.16895063447233377,0.3115627113250328,0.40182584828354356,0.4281494888420384,0.4414306456104062,0.4459753769044115,0.4486057520187757,0.5176767174509725,0.4874845857034887,0.44401626954135004,0.329135009348025,0.2201907394884443,0.038565575400771705,2.4861768566768765e-05,0,0,0,0
Summer,0,0,0,0,0.0008623318715756487,0.009369971921632964,0.28061541050151956,0.38387439400153534,0.440451777770767,0.445888675058628,0.4343576153368878,0.4189933852835706,0.4195402298850574,0.5022189271329569,0.506677813883543,0.47027058291531276,0.4135091649051961,0.254556161992197,0.0826208579150498,0.000799234417557918,0,0,0,0
Fall,0,0,0,0,0.0,0.0,0.08124728150825673,0.2183942525460081,0.31758732920372573,0.33711547402996705,0.33897529734675197,0.3280263374979376,0.32902374274443935,0.3949574790394913,0.3566361195686409,0.31215034571715694,0.16496182862628045,0.06846849549292819,7.499287567681069e-05,0.0,0,0,0,0
Summer Peak,0,0,0,0,0.0,0.005032021957913998,0.060841720036596526,0.1605672461116194,0.39524245196706315,0.4931381518755718,0.4867337602927722,0.4222323879231473,0.35773101555352244,0.17017383348581885,0.11253430924062215,0.4483074107959744,0.39615736505032023,0.2859103385178408,0.07502287282708142,0.0,0,0,0,0
Winter Peak,0,0,0,0,0.0,0.0,0.0,0.00686184812442818,0.06999085086916744,0.0484903934126258,0.0837145471180238,0.23284537968892954,0.2566331198536139,0.24565416285452885,0.2383348581884721,0.11802378774016468,0.0,0.0,0.0,0.0,0,0,0,0
