solar pv,Hour0,Hour1,Hour2,Hour3,Hour4,Hour5,Hour6,Hour7,Hour8,Hour9,Hour10,Hour11,Hour12,Hour13,Hour14,Hour15,Hour16,Hour17,Hour18,Hour19,Hour20,Hour21,Hour22,Hour23
Winter,0,0,0,0,0.0,0.0,4.171586144917827e-05,0.02180717940858575,0.14436880601832722,0.21003851105250138,0.209544731468001,0.21020920554679862,0.20919142366184962,0.21386913388088047,0.21009172005945187,0.15835043035669158,0.043837836646363544,0.000823249755537865,0.0,0.0,0,0,0,0
Spring,0,0,0,0,7.555678986968513e-05,0.022543592064780425,0.12134101199029729,0.2789354487762363,0.382516890516671,0.408749995123398,0.41110396159088713,0.40680680218956633,0.3990515894265335,0.39983163346842765,0.3887279778980011,0.3707284350267917,0.3071277090188801,0.17597761659726127,0.03377760970223579,0.0,0,0,0,0
Summer,0,0,0,0,0.00039555698086544885,0.058330306593710524,0.23873523671607583,0.3772808979415647,0.4348347199924668,0.44654782051974423,0.44189791598223055,0.4307677415320182,0.4329469622815086,0.436575058174283,0.42959513733838567,0.4066601471576507,0.369042847078334,0.27821666236809117,0.10451650747188904,3.1509517679182276e-05,0,0,0,0
Fall,0,0,0,0,0.0,0.00013321441871274892,0.037275159848123345,0.19316652460897388,0.29319129314628994,0.31435071831616374,0.31101554286935534,0.30792191886852616,0.3030202702570957,0.29927261161017665,0.2882118023745272,0.26627556059432833,0.16386496996765704,0.03993704073288352,0.0,0.0,0,0,0,0
Summer Peak,0,0,0,0,0.0,0.004895228639444389,0.036812119368621804,0.12218490684053196,0.3387987741359462,0.5071456870464387,0.47420079830297795,0.46117949012205595,0.4177588120901842,0.42568908248608406,0.42236032701126186,0.4136957723194453,0.36195320560051814,0.2688459568782859,0.10838036207729879,0.0,0,0,0,0
Winter Peak,0,0,0,0,0.0,0.0,0.0,0.00024476143197221947,0.03877021082439956,0.07161719499507142,0.09932418909432666,0.10103751911813219,0.1279612766350763,0.14367496056769283,0.15811588505405377,0.08635183319979903,0.0,0.0,0.0,0.0,0,0,0,0
