solar pv,Hour0,Hour1,Hour2,Hour3,Hour4,Hour5,Hour6,Hour7,Hour8,Hour9,Hour10,Hour11,Hour12,Hour13,Hour14,Hour15,Hour16,Hour17,Hour18,Hour19,Hour20,Hour21,Hour22,Hour23
Winter,0,0,0,0,0.0,0.0,7.311659485572529e-05,0.038222073004681716,0.2530393747785054,0.3681405629231716,0.3672751011881448,0.36843974409191815,0.36665584839497867,0.3748546061589539,0.3682338238859978,0.27754537145841507,0.0768358420532334,0.00144293361684666,0.0,0.0,0,0,0,0
Spring,0,0,0,0,0.0001324305672131759,0.03951280473019604,0.21267789528659092,0.48889821498517144,0.6704483987092681,0.7164279186018316,0.7205537835972615,0.7130220282394195,0.6994292429075037,0.7007964486225357,0.6813347508999686,0.649786432395128,0.538311603528995,0.30844104974539766,0.05920299181168747,0.0,0,0,0,0
Summer,0,0,0,0,0.0006933041415800035,0.10223721258204019,0.4184381425760736,0.661271123340089,0.7621473690439209,0.7826772585393276,0.774527236596202,0.7550190584673346,0.7588386415972623,0.7651977100252962,0.7529638012396634,0.7127649817304988,0.6468320537286052,0.4876383772935496,0.18318910043047973,5.5227641434537983e-05,0,0,0,0
Fall,0,0,0,0,0.0,0.00023348875807892197,0.06533324893980631,0.3385685451259222,0.5138848450323862,0.5509715804797773,0.5451259221751026,0.5397036380642939,0.5311123770140166,0.5245437474945671,0.5051571477800987,0.46670886343017476,0.28721086426004466,0.06999880442503394,0.0,0.0,0,0,0,0
Summer Peak,0,0,0,0,0.0,0.00858000858000858,0.06452166452166452,0.21415701415701416,0.5938223938223939,0.8888888888888888,0.8311454311454312,0.8083226083226084,0.7322179322179322,0.7461175461175461,0.7402831402831402,0.7250965250965251,0.6344058344058344,0.4712140712140713,0.18996138996138998,0.0,0,0,0,0
Winter Peak,0,0,0,0,0.0,0.0,0.0,0.000429000429000429,0.06795366795366796,0.12552552552552554,0.1740883740883741,0.1770913770913771,0.22428142428142425,0.2518232518232518,0.27713427713427713,0.15135135135135136,0.0,0.0,0.0,0.0,0,0,0,0
