Unit: dimensionless (ratio of electricity demand in this hour to annual demand),Hour0,Hour1,Hour2,Hour3,Hour4,Hour5,Hour6,Hour7,Hour8,Hour9,Hour10,Hour11,Hour12,Hour13,Hour14,Hour15,Hour16,Hour17,Hour18,Hour19,Hour20,Hour21,Hour22,Hour23
Winter,0,0,0,0,0.0,0.0,7.007007007007008e-05,0.03729300729300731,0.25405190905190905,0.37117689117689107,0.3711218361218363,0.3716016016016017,0.3692914342914341,0.377972257972258,0.37084942084942085,0.27864721864721875,0.07559273559273563,0.0013828113828113827,0.0,0.0,0,0,0,0
Spring,0,0,0,0,0.0001324305672131759,0.03951280473019604,0.21267789528659092,0.48889821498517144,0.6704483987092681,0.7164279186018316,0.7205537835972615,0.7130220282394195,0.6994292429075037,0.7007964486225357,0.6813347508999686,0.649786432395128,0.538311603528995,0.30844104974539766,0.05920299181168747,0.0,0,0,0,0
Summer,0,0,0,0,0.0006817376382593772,0.10316341185906405,0.4189198515285471,0.6608621043403653,0.7657452483539442,0.7895687613078918,0.7806334284595153,0.7613871635610768,0.7637233506798726,0.7700986700986697,0.7588094305485611,0.7196631414022717,0.6525180459963065,0.49283569283569284,0.1859082685169642,5.5956577695708115e-05,0,0,0,0
Fall,0,0,0,0,0.0,0.00023348875807892197,0.06533324893980631,0.3385685451259222,0.5138848450323862,0.5509715804797773,0.5451259221751026,0.5397036380642939,0.5311123770140166,0.5245437474945671,0.5051571477800987,0.46670886343017476,0.28721086426004466,0.06999880442503394,0.0,0.0,0,0,0,0
Summer Peak,0,0,0,0,0.0,0.00858000858000858,0.06452166452166452,0.21415701415701416,0.5938223938223939,0.8888888888888888,0.8311454311454312,0.8083226083226084,0.7322179322179322,0.7461175461175461,0.7402831402831402,0.7250965250965251,0.6344058344058344,0.4712140712140713,0.18996138996138998,0.0,0,0,0,0
Winter Peak,0,0,0,0,0.0,0.0,0.0,0.000429000429000429,0.06795366795366796,0.12552552552552554,0.1740883740883741,0.1770913770913771,0.22428142428142425,0.2518232518232518,0.27713427713427713,0.15135135135135136,0.0,0.0,0.0,0.0,0,0,0,0
