solar pv,Hour0,Hour1,Hour2,Hour3,Hour4,Hour5,Hour6,Hour7,Hour8,Hour9,Hour10,Hour11,Hour12,Hour13,Hour14,Hour15,Hour16,Hour17,Hour18,Hour19,Hour20,Hour21,Hour22,Hour23
Winter,0,0,0,0,0.0,0.0,5.973598052212181e-05,0.031227288593350017,0.2067322089181657,0.30076944282724,0.30006236387412116,0.30101387270672353,0.2995564366921478,0.306254790671307,0.3008456366799468,0.22675351520622294,0.06277459136806857,0.0011788712890794242,0.0,0.0,0,0,0,0
Spring,0,0,0,0,0.000108195270843639,0.03228181151481196,0.1737570333437218,0.39942798629068654,0.5477537974164637,0.5853188906779644,0.5886897067217125,0.5825362911771125,0.5714310371450981,0.5725480390257798,0.5566479058429274,0.5308730493492749,0.4397985372088513,0.25199516711863307,0.04836861963679612,0.0,0,0,0,0
Summer,0,0,0,0,0.000566426852605083,0.08352741469276125,0.3418623745260465,0.5402559982672941,0.6226715081853825,0.6394443499928931,0.6327858129944173,0.6168477054960092,0.6199682904179713,0.6251636251912253,0.6151685681406335,0.5823262851548071,0.5284593331904929,0.39839870367767294,0.14966479985525857,4.512077346498528e-05,0,0,0,0
Fall,0,0,0,0,0.0,0.0001907594292685355,0.05337701644635064,0.2766092165116951,0.41984196821584463,0.45014169033345597,0.4453658096826123,0.4409358241414665,0.4339167964669352,0.42855025107727196,0.4127114726820418,0.3812993702780933,0.23465018614493588,0.05718875757215627,0.0,0.0,0,0,0,0
Summer Peak,0,0,0,0,0.0,0.0070098344490244985,0.05271395505666423,0.1749654678476515,0.4851506422169856,0.7262188489189381,0.6790426630770032,0.660396503442598,0.5982192718797507,0.6095752036871704,0.6048085162618337,0.5924011092870604,0.5183071591608714,0.38498010794042553,0.1551977347014024,0.0,0,0,0,0
Winter Peak,0,0,0,0,0.0,0.0,0.0,0.00035049172245122496,0.05551788883627404,0.10255387798922842,0.14222954097070709,0.14468298302786567,0.18323707249750038,0.20573864107886905,0.2264176527034913,0.12365347968079217,0.0,0.0,0.0,0.0,0,0,0,0
