natural gas steam turbine,Hour0,Hour1,Hour2,Hour3,Hour4,Hour5,Hour6,Hour7,Hour8,Hour9,Hour10,Hour11,Hour12,Hour13,Hour14,Hour15,Hour16,Hour17,Hour18,Hour19,Hour20,Hour21,Hour22,Hour23
Winter,0.0,0.0,0.0,0.0,0.0,0.0,0.005146808584981349,0.005146808584981349,0.0,0.0,0.0,0.0,0.0,0.0,0.0,0.0,0.0,0.04906624184348885,0.07736170507030853,0.061418582447444095,0.014411064037947778,0.0,0.0,0.0
Spring,0.008149113592887136,0.008149113592887136,0.008149113592887136,0.008149113592887136,0.008149113592887136,0.008149113592887136,0.008149113592887136,0.008149113592887136,0.008149113592887136,0.008149113592887136,0.008149113592887136,0.008149113592887136,0.008149113592887136,0.008149113592887136,0.008149113592887136,0.008149113592887136,0.008792464666009804,0.03238200401384099,0.09832233532718351,0.08856563247192249,0.039887766533605463,0.009221365381424916,0.008149113592887136,0.008149113592887136
Summer,0.31726001964579037,0.31726001964579037,0.31726001964579037,0.31726001964579037,0.31726001964579037,0.31726001964579037,0.31726001964579037,0.31726001964579037,0.31726001964579037,0.3199813207367001,0.34989145451010206,0.4125364059098482,0.49215113745799377,0.5460960959399573,0.6027348423584191,0.6469109635603004,0.6853059874079022,0.7487046324921403,0.8057952616285162,0.7575972174908053,0.6326241328330244,0.5068565016251094,0.36689875259633564,0.3238615092407116
Fall,0.06112889868555716,0.06112889868555716,0.06112889868555716,0.06112889868555716,0.06112889868555716,0.06112889868555716,0.06112889868555716,0.06112889868555716,0.06112889868555716,0.06112889868555716,0.06177576533831439,0.0665701887646326,0.07665369835173041,0.08419373777293175,0.091116637869168,0.10370199936325332,0.1251449154462881,0.16573341972058028,0.17171693625858456,0.1594407389735376,0.1210009259520622,0.07535996504621599,0.054336798831606366,0.054336798831606366
Summer Peak,0.41431809109099865,0.41431809109099865,0.41431809109099865,0.41431809109099865,0.41431809109099865,0.41431809109099865,0.41431809109099865,0.41431809109099865,0.41431809109099865,0.41431809109099865,0.41431809109099865,0.41431809109099865,0.690530151818331,0.7295538095576443,0.95,0.95,0.95,0.95,0.95,0.95,0.95,0.7879442268069884,0.41431809109099865,0.41431809109099865
Winter Peak,0.0,0.0,0.0,0.0,0.0,0.0,0.0,0.0,0.0,0.0,0.0,0.0,0.0,0.0,0.0,0.0,0.0,0.0,0.0,0.0,0.0,0.0,0.0,0.0
