Unit: dimensionless (ratio of electricity demand in this hour to annual demand),Hour0,Hour1,Hour2,Hour3,Hour4,Hour5,Hour6,Hour7,Hour8,Hour9,Hour10,Hour11,Hour12,Hour13,Hour14,Hour15,Hour16,Hour17,Hour18,Hour19,Hour20,Hour21,Hour22,Hour23
Winter,0,0,0,0,0.0,0.0,0.001197011283928027,0.05977050930161633,0.19167429094236052,0.2366270204330589,0.23691674290942358,0.24036672766087228,0.24644708752668493,0.35620997255260756,0.34369853613906676,0.22281564501372364,0.04564272644098808,0.01654467825556572,0.0,0.0,0,0,0,0
Spring,0,0,0,0,0.0,0.00022375591710091896,0.16895063447233377,0.3115627113250328,0.40182584828354356,0.4281494888420384,0.4414306456104062,0.4459753769044115,0.4486057520187757,0.5176767174509725,0.4874845857034887,0.44401626954135004,0.329135009348025,0.2201907394884443,0.038565575400771705,2.4861768566768765e-05,0,0,0,0
Summer,0,0,0,0,0.0008453001312701382,0.00944249970165878,0.28113687895302125,0.38381101078006286,0.44208699630056886,0.4492223238792314,0.4382881180635665,0.4228042086001831,0.42261028680536206,0.5029486057520188,0.5049524642985002,0.47491447551613036,0.4176926289828553,0.2588855960857632,0.08459962607900079,0.0008104936552766618,0,0,0,0
Fall,0,0,0,0,0.0,0.0,0.08124728150825673,0.2183942525460081,0.31758732920372573,0.33711547402996705,0.33897529734675197,0.3280263374979376,0.32902374274443935,0.3949574790394913,0.3566361195686409,0.31215034571715694,0.16496182862628045,0.06846849549292819,7.499287567681069e-05,0.0,0,0,0,0
Summer Peak,0,0,0,0,0.0,0.005032021957913998,0.060841720036596526,0.1605672461116194,0.39524245196706315,0.4931381518755718,0.4867337602927722,0.4222323879231473,0.35773101555352244,0.17017383348581885,0.11253430924062215,0.4483074107959744,0.39615736505032023,0.2859103385178408,0.07502287282708142,0.0,0,0,0,0
Winter Peak,0,0,0,0,0.0,0.0,0.0,0.00686184812442818,0.06999085086916744,0.0484903934126258,0.0837145471180238,0.23284537968892954,0.2566331198536139,0.24565416285452885,0.2383348581884721,0.11802378774016468,0.0,0.0,0.0,0.0,0,0,0,0
