Unit: dimensionless (ratio of electricity demand in this hour to annual demand),Hour0,Hour1,Hour2,Hour3,Hour4,Hour5,Hour6,Hour7,Hour8,Hour9,Hour10,Hour11,Hour12,Hour13,Hour14,Hour15,Hour16,Hour17,Hour18,Hour19,Hour20,Hour21,Hour22,Hour23
Winter,0.0,0.0,0.0,0.0,0.0,0.0,0.002847583385624464,0.002847583385624464,0.0,0.0,0.0,0.0,0.0,0.0,0.0,0.0,0.0,0.0273133272397971,0.05857382185866465,0.03898168059881965,0.00624094243033351,0.0,0.0,0.0
Spring,0.0015011789520912276,0.0015011789520912276,0.0015011789520912276,0.0015011789520912276,0.0015011789520912276,0.0015011789520912276,0.0015011789520912276,0.0015011789520912276,0.0015011789520912276,0.0015011789520912276,0.0015011789520912276,0.0015011789520912276,0.0015011789520912276,0.0015011789520912276,0.0015011789520912276,0.0015011789520912276,0.004021576339665875,0.017404711844311666,0.06429225234406062,0.06188070352726574,0.01714452301469368,0.0022369254412123248,0.0015011789520912276,0.0015011789520912276
Summer,0.31207816567233443,0.31207816567233443,0.31207816567233443,0.31207816567233443,0.31207816567233443,0.31207816567233443,0.31207816567233443,0.31207816567233443,0.31207816567233443,0.31309098125071316,0.3383752818792276,0.3997623833315134,0.47215483199092934,0.5327992020190707,0.590676955700066,0.6376424946409086,0.7251619842491214,0.8397358734363367,0.9284282500505459,0.8272980324715115,0.6303024920872559,0.46726886994212996,0.34221699614204343,0.3144728342294897
Fall,0.05401996070846055,0.05401996070846055,0.05401996070846055,0.05401996070846055,0.05401996070846055,0.05401996070846055,0.05401996070846055,0.05401996070846055,0.05401996070846055,0.05401996070846055,0.05401996070846055,0.05624452892172864,0.05997730873341608,0.0658319438613896,0.07080693520495326,0.07800210532174306,0.09930142418137627,0.15699446831695352,0.14974223547961824,0.12609456619753348,0.07660362972437286,0.05909327550896423,0.050682230500550006,0.050682230500550006
Summer Peak,0.46262854477498344,0.46262854477498344,0.46262854477498344,0.46262854477498344,0.46262854477498344,0.46262854477498344,0.46262854477498344,0.46262854477498344,0.46262854477498344,0.46262854477498344,0.46262854477498344,0.46262854477498344,0.5983272057843373,0.7050011334601989,0.8296147025875732,0.8296147025875732,0.95,0.95,0.95,0.95,0.95,0.8296147025875732,0.5693024724508449,0.5693024724508449
Winter Peak,0.0,0.0,0.0,0.0,0.0,0.0,0.0,0.0,0.0,0.0,0.0,0.0,0.0,0.0,0.0,0.0,0.0,0.0,0.0,0.0,0.0,0.0,0.0,0.0
